Unnamed: 0,post_id,handle,postDate,postType,gen_postType,postUrl,platform,message,twitter_comment,twitter_retweet,relevant_prediction,cta_prediction,sell_prediction,intent_prediction,comments,shares,likes,views,CampaignId,campaign_name,campaign_startDate,campaign_endDate,project_currency,project_staffPick,sub_category,CategoryNames,CategoryNumbers,project_url,project_backerCount,project_goal,project_pledgeAmount,Succeeded,imageUrl
35168,66201,Audio Example,"""2017-03-26T14:09:00.000Z""",Audio only,audio,http://example.com,facebook,This is an example of a message for a post!,0,0,1,0,1,4,0,1,NA,0,17,TURA!,"""2017-03-01T00:00:00.000Z""","""2017-04-20T00:00:00.000Z""",USD,1,Documentary,Film & Video,7,http://www.kickstaer.com,732,50000,56294,1,
35180,66220,Audio Example,"""2017-04-01T13:08:00.000Z""",Audio only,audio,http://example.com,facebook,This is an example of a message for a post!,0,0,1,0,1,1,0,3,NA,0,17,TURA!,"""2017-03-01T00:00:00.000Z""","""2017-04-20T00:00:00.000Z""",USD,1,Documentary,Film & Video,7,http://www.kickstaer.com,732,50000,56294,1,
35215,66270,Audio Example,"""2017-03-14T11:24:00.000Z""",Audio only,audio,http://example.com,facebook,This is an example of a message for a post!,0,0,1,1,1,4,0,1,NA,0,17,TURA!,"""2017-03-01T00:00:00.000Z""","""2017-04-20T00:00:00.000Z""",USD,1,Documentary,Film & Video,7,http://www.kickstaer.com,732,50000,56294,1,
35272,66327,Audio Example,"""2017-03-27T17:19:00.000Z""",Audio only,audio,http://example.com,facebook,This is an example of a message for a post!,0,0,1,0,0,4,1,0,NA,0,17,TURA!,"""2017-03-01T00:00:00.000Z""","""2017-04-20T00:00:00.000Z""",USD,1,Documentary,Film & Video,7,http://www.kickstaer.com,732,50000,56294,1,
35282,66337,Audio Example,"""2017-04-01T13:10:00.000Z""",Audio only,audio,http://example.com,facebook,This is an example of a message for a post!,0,0,0,0,0,5,0,0,NA,0,17,TURA!,"""2017-03-01T00:00:00.000Z""","""2017-04-20T00:00:00.000Z""",USD,1,Documentary,Film & Video,7,http://www.kickstaer.com,732,50000,56294,1,
35314,66369,Audio Example,"""2017-04-09T14:11:00.000Z""",Audio only,audio,http://example.com,facebook,This is an example of a message for a post!,0,0,0,0,0,5,0,0,NA,0,17,TURA!,"""2017-03-01T00:00:00.000Z""","""2017-04-20T00:00:00.000Z""",USD,1,Documentary,Film & Video,7,http://www.kickstaer.com,732,50000,56294,1,
3678,17193,OldFriendsSeniorDogSanctuary,"""2017-04-20T13:22:35.000Z""",event,text,https://www.facebook.com/OldFriendsSeniorDogSanctuary/posts/1328261270584417,facebook,"OPEN HOUSE POSTPONED: Due to a forecast for severe weather on Saturday, April 22, our Open House Celebration has been rescheduled until Saturday, May 6. We apologize for any inconvenience that this may cause, but much of the event was to have been outside and our Old Friends will be upset about the weather. \nhttps://www.facebook.com/events/1856866234583421/",0,0,0,1,0,5,59,0,1346,NA,48,SENIORS,"""2017-04-14T00:00:00.000Z""","""2017-05-16T00:00:00.000Z""",USD,0,Documentary,Film & Video,7,http://www.kickstaer.com,449,30000,36000,1,
3708,17223,OldFriendsSeniorDogSanctuary,"""2017-04-16T19:04:17.000Z""",event,text,https://www.facebook.com/OldFriendsSeniorDogSanctuary/posts/1324552970955247,facebook,"Middle TN Folks!! Our Open House is next Saturday.\n\nThis is our Official Grand Opening! We will have Food, Information about Old Friends Senior Dog Sanctuary and flash tours (approximately 10 minute tours every twenty minutes for up to 6 people per tour) through the sanctuary. Our Gift Shop, Ye Olde Friends Shoppe, will be open during this time. We hope to see you there!\n\nNo children under 13 years old will be allowed on the tours. We will, however, have other kid friendly activities.\n\nNo personal dogs will allowed inside GrandPaw's Gardens. It will be too upsetting for our Old Friends.\n\nhttps://www.facebook.com/events/1856866234583421/?active_tab=discussion",0,0,1,1,0,1,87,0,2374,NA,48,SENIORS,"""2017-04-14T00:00:00.000Z""","""2017-05-16T00:00:00.000Z""",USD,0,Documentary,Film & Video,7,http://www.kickstaer.com,449,30000,36000,1,
3870,17385,WaldmannBrewery,"""2017-05-11T20:59:07.000Z""",event,text,https://www.facebook.com/WaldmannBrewery/posts/1660706653944273,facebook,There is still room for guests to join us tonight and meet Waldmann's future head brewer - Drew Ruggles!,0,0,1,0,0,1,0,0,6,NA,49,Waldmann Brewery & Wurstery,"""2017-04-16T00:00:00.000Z""","""2017-05-20T00:00:00.000Z""",USD,1,Restaurants,Food,8,https://www.kickstarter.com/projects/1015128672/waldmann-brewery-and-wurstery?ref=discovery,281,45000,61665,1,https://scontent.xx.fbcdn.net/v/t1.0-0/c33.0.130.130/p130x130/18157149_1646131168735155_9098099555555936437_n.jpg?oh=f43cf8d20d8eb5cbb136d298ce8a4775&oe=59AB622D
3895,17410,WaldmannBrewery,"""2017-04-28T02:42:57.000Z""",event,text,https://www.facebook.com/events/1859682910957309/,facebook,"Join us for an evening with the future brewer of Waldmann, Drew Ruggles. If you抇抇螏re curious about German lagers and Drew's plans for quenching our collective thirst - do not miss this event! Drew will be talking malt, hops, and all things beer.\n\nLore, Legend, and Definitely Lager!  \n\n\n\nFAQs\n\nWhat are my transportation/parking options for getting to and from the event?\n\nWaldmann encourages attendees to bike/walk and is located near Metro Transit bus lines 54 & 74. Onstreet parking is avaiable on West 7th, (Note: many residential street have permit parking regulations).\n\nWhat can I bring into the event?\n\nBring yourself and interested friends. Be prepared to help support the Kickstarter campaign during the event. \n\nHow can I contact the organizer with any questions?\n\nContact Adam Yust with any questions at waldmannbrewery@gmail.com.",0,0,1,1,1,1,0,0,6,NA,49,Waldmann Brewery & Wurstery,"""2017-04-16T00:00:00.000Z""","""2017-05-20T00:00:00.000Z""",USD,1,Restaurants,Food,8,https://www.kickstarter.com/projects/1015128672/waldmann-brewery-and-wurstery?ref=discovery,281,45000,61665,1,https://scontent.xx.fbcdn.net/v/t1.0-0/c33.0.130.130/p130x130/18157149_1646131168735155_9098099555555936437_n.jpg?oh=f43cf8d20d8eb5cbb136d298ce8a4775&oe=59AB622D
3896,17411,WaldmannBrewery,"""2017-04-28T02:37:16.000Z""",event,text,https://www.facebook.com/events/1874105856178700/,facebook,"Join us for this unique conversation with the craftsman and carpenters that are helping to bring Waldmann back to life. This is an insider's guide to learn more about Waldmann, and the detailed work being done behind the scenes. Carpenters will discuss the processes, tools, and practices of the 1850s that are once again being used to restore Waldmann - 160 years later. If you like plain talk and can hammer a point home, join us and tell your friends! \n\n\nFAQs\n\nWhat are my transportation/parking options for getting to and from the event?\n\nWaldmann encourages attendees to bike/walk and is located near Metro Transit bus lines 54 & 74. Onstreet parking is avaiable on West 7th, (Note: many residential street have permit parking regulations).\n\nWhat can I bring into the event?\n\nBring yourself and interested friends. Be prepared to help support the Kickstarter campaign during the event. \n\nHow can I contact the organizer with any questions?\n\nContact Adam Yust with any questions at waldmannbrewery@gmail.com.",0,0,1,1,1,1,0,0,10,NA,49,Waldmann Brewery & Wurstery,"""2017-04-16T00:00:00.000Z""","""2017-05-20T00:00:00.000Z""",USD,1,Restaurants,Food,8,https://www.kickstarter.com/projects/1015128672/waldmann-brewery-and-wurstery?ref=discovery,281,45000,61665,1,https://scontent.xx.fbcdn.net/v/t1.0-0/c33.0.130.130/p130x130/18119392_1646125558735716_8959654409029970361_n.jpg?oh=f5a6807acabaec30df15a3d085e980e7&oe=59B668C8
3923,17438,WaldmannBrewery,"""2017-04-19T21:47:43.000Z""",event,text,https://www.facebook.com/WaldmannBrewery/posts/1636607519687520,facebook,One more day until our Our Kickstarter Party at Waldmann. Join us to learn more about this unique project and how you can help support us! #ImWithWaldmann,0,0,1,1,1,4,0,0,0,NA,49,Waldmann Brewery & Wurstery,"""2017-04-16T00:00:00.000Z""","""2017-05-20T00:00:00.000Z""",USD,1,Restaurants,Food,8,https://www.kickstarter.com/projects/1015128672/waldmann-brewery-and-wurstery?ref=discovery,281,45000,61665,1,https://scontent.xx.fbcdn.net/v/t1.0-0/p130x130/17634512_1608975115784094_3493141418722957835_n.jpg?oh=6fef6356c9681926952d4becdff6c8b8&oe=59B5A7B6
4386,17902,elclubdetroit,"""2017-05-16T20:20:10.000Z""",event,text,https://www.facebook.com/elclubdetroit/posts/1294098194031055,facebook,JUST ANNOUNCED!! Laetitia Sadier Source Ensemble at El Club!!! On Sale Friday,0,0,0,0,0,5,0,0,2,NA,51,The Vernor Cafe,"""2017-04-17T00:00:00.000Z""","""2017-05-17T00:00:00.000Z""",USD,1,World Music,Music,11,https://www.kickstarter.com/projects/933521455/the-vernor-cafe?ref=discovery,351,50000,55965,1,https://scontent.xx.fbcdn.net/v/t1.0-0/c18.0.130.130/p130x130/18446898_1294109877363220_790181081040121742_n.jpg?oh=f5b6b3d9cb72ea7143bd663e0f9eacd7&oe=59BD7F6E
4397,17913,elclubdetroit,"""2017-05-15T21:50:35.000Z""",event,text,https://www.facebook.com/events/213702195802854/,facebook,U ALREADY KNOW WHAT IT IS \n\nBREEZY'S KARAOKE \n\nCOME SING YER HEART OUT\n\nITS FREE YO !,0,0,0,0,1,5,0,0,0,NA,51,The Vernor Cafe,"""2017-04-17T00:00:00.000Z""","""2017-05-17T00:00:00.000Z""",USD,1,World Music,Music,11,https://www.kickstarter.com/projects/933521455/the-vernor-cafe?ref=discovery,351,50000,55965,1,https://scontent.xx.fbcdn.net/v/t1.0-0/c0.0.130.130/p130x130/18446704_1293241807450027_390578009543721319_n.jpg?oh=1d7bfdff6c038f05a2aebcbbdb6a984c&oe=59A9526C
4431,17947,elclubdetroit,"""2017-05-11T18:23:41.000Z""",event,text,https://www.facebook.com/elclubdetroit/posts/1289516931155848,facebook,JUST ANNOUNCED!! Darcys & Valley Hush 6/22 at El Club!!!,0,0,0,0,0,5,0,0,0,NA,51,The Vernor Cafe,"""2017-04-17T00:00:00.000Z""","""2017-05-17T00:00:00.000Z""",USD,1,World Music,Music,11,https://www.kickstarter.com/projects/933521455/the-vernor-cafe?ref=discovery,351,50000,55965,1,https://scontent.xx.fbcdn.net/v/t1.0-0/c33.0.130.130/p130x130/18403277_10158933494800227_3664608775740706617_n.jpg?oh=ed373f0c397a7ded7750aec1a956b60c&oe=599ED29A
4436,17952,elclubdetroit,"""2017-05-11T16:52:49.000Z""",event,text,https://www.facebook.com/elclubdetroit/posts/1289464621161079,facebook,"JUST ANNOUNCED!! CFM (mem. of Fuzz, Ty Segall, Mikal Cronin) & The Cairo Gang 6/28 at El Club!",0,0,0,0,0,5,0,0,7,NA,51,The Vernor Cafe,"""2017-04-17T00:00:00.000Z""","""2017-05-17T00:00:00.000Z""",USD,1,World Music,Music,11,https://www.kickstarter.com/projects/933521455/the-vernor-cafe?ref=discovery,351,50000,55965,1,https://scontent.xx.fbcdn.net/v/t1.0-0/c26.0.130.130/p130x130/18423937_10158933189240227_1087197991848526111_n.jpg?oh=20f50b3d3be479bf1ffe55cd7f53780d&oe=59BE9313
33560,64250,barebonesblackbox,"""2015-06-11T08:45:00.000Z""",Graphic,image,https://www.facebook.com/barebonesPGH/posts/1045167125502226,facebook,10 Days and less than 1.5k to go anything you can give (even a share) would be huge. Thanks!,0,0,1,0,1,2,0,4,NA,0,8,Barebones,"""2015-05-10T00:00:00.000Z""","""2015-07-01T00:00:00.000Z""",USD,0,Spaces,Dance,4,https://www.kickstarter.com/projects/1222071787/barebones-black-box-theater-in-braddock-pa?ref=discovery,107,10000,15696,1,https://www.kickstarter.com/projects/1222071787/barebones-black-box-theater-in-braddock-pa
33561,64251,barebonesblackbox,"""2015-06-15T06:01:00.000Z""",Graphic,image,https://www.facebook.com/barebonesPGH/posts/1048174781868127,facebook,"Thank you to everyone for your extreme generosity- we are so humbled. With less than a week left, we have achieved our Kickstarter goal! This will literally ""kickstart"" our project by providing us 1/10th of our overall funding goal. So if you would still like to consider pledging to the Kickstarter campaign it remains open until the 21st.",0,0,1,0,1,2,0,1,NA,0,8,Barebones,"""2015-05-10T00:00:00.000Z""","""2015-07-01T00:00:00.000Z""",USD,0,Spaces,Dance,4,https://www.kickstarter.com/projects/1222071787/barebones-black-box-theater-in-braddock-pa?ref=discovery,107,10000,15696,1,https://www.kickstarter.com/projects/1222071787/barebones-black-box-theater-in-braddock-pa/
33844,64556,DanielleAtetheSandwich,"""2016-08-03T11:00:00.000Z""",Graphic,image,https://www.facebook.com/DanielleAtetheSandwich/posts/10153568213902811,facebook,"Playing the Lagoon Summer Concert Series tonight in Fort Collins, CO with my band and *drummer!* Free music and festivities on August 3rd, from 6-8:30 on the CSU Campus! It's a great chance to show off your favorite lawn chair! Check it out:",0,0,1,0,1,1,8,0,NA,0,9,Danielle Ate the Sandwich,"""2016-07-15T00:00:00.000Z""","""2016-09-01T00:00:00.000Z""",USD,0,Pop,Music,11,https://www.kickstarter.com/projects/daniellesandwich/support-danielle-ate-the-sandwichs-terrible-new-al?ref=discovery,325,6000,14889,1,https://www.facebook.com/events/1026963317340187/?acontext=%7B%22source%22%3A3%2C%22source_newsfeed_story_type%22%3A%22regular%22%2C%22action_history%22%3A%22%5B%7B%5C%22surface%5C%22%3A%5C%22newsfeed%5C%22%2C%5C%22mechanism%5C%22%3A%5C%22feed_story%5C%22%2C%5C%22extra_data%5C%22%3A%5B%5D%7D%5D%22%2C%22has_source%22%3Atrue%7D&source=3&source_newsfeed_story_type=regular&action_history=%5B%7B%22surface%22%3A%22newsfeed%22%2C%22mechanism%22%3A%22feed_story%22%2C%22extra_data%22%3A%5B%5D%7D%5D&has_source=1
33845,64557,DanielleAtetheSandwich,"""2016-08-04T02:28:00.000Z""",Graphic,image,https://www.facebook.com/LagoonSeries/videos/vb.126912730664781/1146335735389137/?type=2&theater,facebook,"A fun video from before tonight's concert at the Lagoon! We had a great time! Thanks for sticking through the rain and all the crazy, joyful dancing! ???? Thank you for coming out and to everyone who works hard to make this series possible!",0,0,1,0,0,2,4,0,NA,0,9,Danielle Ate the Sandwich,"""2016-07-15T00:00:00.000Z""","""2016-09-01T00:00:00.000Z""",USD,0,Pop,Music,11,https://www.kickstarter.com/projects/daniellesandwich/support-danielle-ate-the-sandwichs-terrible-new-al?ref=discovery,325,6000,14889,1,https://m.facebook.com/story.php?story_fbid=1146335735389137&id=126912730664781
33853,64573,DanielleAtetheSandwich,"""2016-08-18T08:16:00.000Z""",Graphic,image,https://www.facebook.com/DanielleAtetheSandwich/posts/10153601132822811,facebook,"I'm playing Olde Town Folkways tonight in Fort Collins at Letterpress & Publick House, with Luke Callen and Matt Skinner! Music starts at 7pm, we play for tips, and all ages are welcome! More info: https://www.facebook.com/events/1738546416386419",0,0,0,0,0,5,1,0,NA,0,9,Danielle Ate the Sandwich,"""2016-07-15T00:00:00.000Z""","""2016-09-01T00:00:00.000Z""",USD,0,Pop,Music,11,https://www.kickstarter.com/projects/daniellesandwich/support-danielle-ate-the-sandwichs-terrible-new-al?ref=discovery,325,6000,14889,1,https://www.facebook.com/events/1738546416386419/?acontext=%7B%22source%22%3A3%2C%22source_newsfeed_story_type%22%3A%22regular%22%2C%22action_history%22%3A%22%5B%7B%5C%22surface%5C%22%3A%5C%22newsfeed%5C%22%2C%5C%22mechanism%5C%22%3A%5C%22feed_story%5C%22%2C%5C%22extra_data%5C%22%3A%5B%5D%7D%5D%22%2C%22has_source%22%3Atrue%7D&source=3&source_newsfeed_story_type=regular&action_history=%5B%7B%22surface%22%3A%22newsfeed%22%2C%22mechanism%22%3A%22feed_story%22%2C%22extra_data%22%3A%5B%5D%7D%5D&has_source=1
33854,64574,DanielleAtetheSandwich,"""2016-08-18T12:58:00.000Z""",Graphic,image,,facebook,JUST ANNOUNCED! Show in Colorado Springs on 9/2 w/ Band of Lovers! https://www.facebook.com/events/308208169533448/,0,0,0,0,0,5,2,0,NA,0,9,Danielle Ate the Sandwich,"""2016-07-15T00:00:00.000Z""","""2016-09-01T00:00:00.000Z""",USD,0,Pop,Music,11,https://www.kickstarter.com/projects/daniellesandwich/support-danielle-ate-the-sandwichs-terrible-new-al?ref=discovery,325,6000,14889,1,https://www.facebook.com/bandoflovers/photos/gm.308208862866712/1257274284285843/?type=3&theater
33859,64581,DanielleAtetheSandwich,"""2016-08-23T00:13:00.000Z""",Graphic,image,https://www.facebook.com/DanielleAtetheSandwich/videos/10153612993472811/,facebook,"Wahoo! ???? Thank you for helping me eat that Kickstarter! ???? I raised $14,888 thanks to your amazing support! The new album releases September 2016! ???? #terriblesandwich",0,0,1,1,1,2,4,0,NA,0,9,Danielle Ate the Sandwich,"""2016-07-15T00:00:00.000Z""","""2016-09-01T00:00:00.000Z""",USD,0,Pop,Music,11,https://www.kickstarter.com/projects/daniellesandwich/support-danielle-ate-the-sandwichs-terrible-new-al?ref=discovery,325,6000,14889,1,
34052,64852,trudi.roth,"""2016-04-09T07:54:00.000Z""",Graphic,image,https://www.facebook.com/photo.php?fbid=10209152584797783&set=a.2228015665955.2131968.1414717853&type=3&theater,facebook,"Waking up SO DAMN GRATEFUL for the doors saying YES has opened. THANK YOU to our first contributors! Please support the Kickstarter campaign for HOME IS WHERE THE PARK IS. Even a buck or a pound (British, that is) helps! All the deets are here: http://kck.st/1Xn6MvY",0,0,1,0,1,2,3,0,NA,0,40,In the Park,"""2016-04-07T00:00:00.000Z""","""2016-05-07T00:00:00.000Z""",GBP,0,Shorts,Film & Video,7,https://www.kickstarter.com/projects/781458664/home-is-where-the-park-is?ref=discovery,144,6443,6621,1,
34053,64853,trudi.roth,"""2016-04-10T10:25:00.000Z""",Graphic,image,https://www.facebook.com/photo.php?fbid=10209161305695800&set=a.2228015665955.2131968.1414717853&type=3,facebook,"And the gratitude train CHUGS ON! We're a 25% of the way there in just 2 days - WOO HOO! Join the fun, be part of the filmmaking team and contribute what you can to the HOME IS WHERE THE PARK IS Kickstarter! Spare change is all we need to make it happen! Find out more",0,0,1,0,1,4,5,0,NA,0,40,In the Park,"""2016-04-07T00:00:00.000Z""","""2016-05-07T00:00:00.000Z""",GBP,0,Shorts,Film & Video,7,https://www.kickstarter.com/projects/781458664/home-is-where-the-park-is?ref=discovery,144,6443,6621,1,
34054,64854,trudi.roth,"""2016-04-11T07:54:00.000Z""",Graphic,image,https://www.facebook.com/photo.php?fbid=10209168411873450&set=a.2228015665955.2131968.1414717853&type=3,facebook,This Monday dawned full of excitement and DEEP GRATITUDE - no better way to start a week. C'mon aboard the filmmaking train and please support the HOME IS WHERE THE PARK IS Kickstarter - literally every little bit counts - this is crowdfunding y'all! http://kck.st/1Xn6MvY -- THANKS & XO,0,0,1,0,1,2,2,0,NA,0,40,In the Park,"""2016-04-07T00:00:00.000Z""","""2016-05-07T00:00:00.000Z""",GBP,0,Shorts,Film & Video,7,https://www.kickstarter.com/projects/781458664/home-is-where-the-park-is?ref=discovery,144,6443,6621,1,
249,7622,julianunesmusic,"""2015-02-04T22:18:16.000Z""",link,fb link,https://www.facebook.com/julianunesmusic/posts/10153038602134326,facebook,"WOOOO we're so so close to 3,000 bakers and if we make it before it ends in a few hours, I'll include a lyric booklet with the CD!!! https://www.kickstarter.com/projects/julianunes/julia-nunes-feelings-new-album",0,0,1,1,1,4,16,2,58,NA,14,Julia Nunes,"""2014-12-29T00:00:00.000Z""","""2015-02-15T00:00:00.000Z""",USD,1,Indie Rock,Music,11,https://www.kickstarter.com/projects/julianunes/julia-nunes-feelings-new-album?ref=discovery,3258,25000,134403,1,https://external.xx.fbcdn.net/safe_image.php?d=AQC_5Wi60Dh33SpG&w=130&h=130&url=https%3A%2F%2Fs3.amazonaws.com%2Fksr%2Fprojects%2F1559447%2Fphoto-main.jpg%3F1420287837&cfs=1&sx=160&sy=0&sw=480&sh=480&_nc_hash=AQBWNPnrCGiUdXWj
251,7624,julianunesmusic,"""2015-02-04T17:27:12.000Z""",link,fb link,https://www.facebook.com/julianunesmusic/posts/10153038097039326,facebook,"Waking up every day to you guys championing me toward a higher and higher kickstarter milestone has been wild. It all ends tonight at 9pm PST/Midnight EST \n\nThank you, benevolent babies, you rule so hard\n\nhttps://www.kickstarter.com/projects/julianunes/julia-nunes-feelings-new-album",0,0,1,1,0,2,13,9,227,NA,14,Julia Nunes,"""2014-12-29T00:00:00.000Z""","""2015-02-15T00:00:00.000Z""",USD,1,Indie Rock,Music,11,https://www.kickstarter.com/projects/julianunes/julia-nunes-feelings-new-album?ref=discovery,3258,25000,134403,1,https://external.xx.fbcdn.net/safe_image.php?d=AQC_5Wi60Dh33SpG&w=130&h=130&url=https%3A%2F%2Fs3.amazonaws.com%2Fksr%2Fprojects%2F1559447%2Fphoto-main.jpg%3F1420287837&cfs=1&sx=160&sy=0&sw=480&sh=480&_nc_hash=AQBWNPnrCGiUdXWj
258,7631,julianunesmusic,"""2015-02-02T04:15:58.000Z""",link,fb link,https://www.facebook.com/julianunesmusic/posts/10153032919754326,facebook,Uploaded a music video/behind the scenes JUST FOR KICKSTARTER BACKERS so if you wanna hear one of these new tracks: https://www.kickstarter.com/projects/julianunes/julia-nunes-feelings-new-album,0,0,1,0,1,4,6,4,60,NA,14,Julia Nunes,"""2014-12-29T00:00:00.000Z""","""2015-02-15T00:00:00.000Z""",USD,1,Indie Rock,Music,11,https://www.kickstarter.com/projects/julianunes/julia-nunes-feelings-new-album?ref=discovery,3258,25000,134403,1,https://external.xx.fbcdn.net/safe_image.php?d=AQC_5Wi60Dh33SpG&w=130&h=130&url=https%3A%2F%2Fs3.amazonaws.com%2Fksr%2Fprojects%2F1559447%2Fphoto-main.jpg%3F1420287837&cfs=1&sx=160&sy=0&sw=480&sh=480&_nc_hash=AQBWNPnrCGiUdXWj
261,7634,julianunesmusic,"""2015-01-31T23:04:03.000Z""",link,fb link,https://www.facebook.com/julianunesmusic/posts/10153029778799326,facebook,"If my Kickstarter gets 2,000 backers I'll give away an acoustic version of the album to all the backers!  ONLY 99 TO GO!\n\nhttps://www.kickstarter.com/projects/julianunes/julia-nunes-feelings-new-album",0,0,1,0,1,4,39,45,336,NA,14,Julia Nunes,"""2014-12-29T00:00:00.000Z""","""2015-02-15T00:00:00.000Z""",USD,1,Indie Rock,Music,11,https://www.kickstarter.com/projects/julianunes/julia-nunes-feelings-new-album?ref=discovery,3258,25000,134403,1,https://external.xx.fbcdn.net/safe_image.php?d=AQC_5Wi60Dh33SpG&w=130&h=130&url=https%3A%2F%2Fs3.amazonaws.com%2Fksr%2Fprojects%2F1559447%2Fphoto-main.jpg%3F1420287837&cfs=1&sx=160&sy=0&sw=480&sh=480&_nc_hash=AQBWNPnrCGiUdXWj
267,7640,julianunesmusic,"""2015-01-28T00:29:59.000Z""",link,fb link,https://www.facebook.com/julianunesmusic/posts/10153021418129326,facebook,WE PASSED MY LAST KICKSTARTER. I'm freaking out on the floor of the mixing studio. I love you guys. https://www.kickstarter.com/projects/julianunes/julia-nunes-feelings-new-album,0,0,1,0,0,1,20,9,522,NA,14,Julia Nunes,"""2014-12-29T00:00:00.000Z""","""2015-02-15T00:00:00.000Z""",USD,1,Indie Rock,Music,11,https://www.kickstarter.com/projects/julianunes/julia-nunes-feelings-new-album?ref=discovery,3258,25000,134403,1,https://external.xx.fbcdn.net/safe_image.php?d=AQC_5Wi60Dh33SpG&w=130&h=130&url=https%3A%2F%2Fs3.amazonaws.com%2Fksr%2Fprojects%2F1559447%2Fphoto-main.jpg%3F1420287837&cfs=1&sx=160&sy=0&sw=480&sh=480&_nc_hash=AQBWNPnrCGiUdXWj
285,7658,julianunesmusic,"""2015-01-14T20:35:51.000Z""",link,fb link,https://www.facebook.com/julianunesmusic/posts/10152991758734326,facebook,video where i let the shock and gratitude wash over me and show you some clips from the studio\n\nhttps://www.kickstarter.com/projects/julianunes/julia-nunes-feelings-new-album/posts/1107131,0,0,1,0,0,1,20,10,306,NA,14,Julia Nunes,"""2014-12-29T00:00:00.000Z""","""2015-02-15T00:00:00.000Z""",USD,1,Indie Rock,Music,11,https://www.kickstarter.com/projects/julianunes/julia-nunes-feelings-new-album?ref=discovery,3258,25000,134403,1,
292,7665,julianunesmusic,"""2015-01-06T20:54:47.000Z""",link,fb link,https://www.facebook.com/julianunesmusic/posts/10152960331249326,facebook,"Kickstarter update: me freaking out over all the support, and answering some questions about the Julia Nunes Signature Ukulele https://www.kickstarter.com/projects/julianunes/julia-nunes-feelings-new-album/posts/1100977",0,0,1,0,1,1,31,15,395,NA,14,Julia Nunes,"""2014-12-29T00:00:00.000Z""","""2015-02-15T00:00:00.000Z""",USD,1,Indie Rock,Music,11,https://www.kickstarter.com/projects/julianunes/julia-nunes-feelings-new-album?ref=discovery,3258,25000,134403,1,https://external.xx.fbcdn.net/safe_image.php?d=AQCanQV1BJFv8HxX&w=130&h=130&url=https%3A%2F%2Fs3.amazonaws.com%2Fksr%2Fassets%2F003%2F111%2F453%2F8c1234dfcf5578cea0dc683c681329b4_large.JPG%3F1420575831&cfs=1&_nc_hash=AQBAv5pD_Xn9dUzR
1278,12302,katenash,"""2017-04-04T21:09:16.000Z""",link,fb link,https://www.facebook.com/katenash/posts/10155157412678535,facebook,Thanks NYLON :* <3,0,0,0,0,0,5,0,9,118,NA,19,Kate Nash,"""2017-04-04T00:00:00.000Z""","""2017-05-04T00:00:00.000Z""",USD,1,Pop,Music,11,https://www.kickstarter.com/projects/919815019/kate-nash-is-making-a-record?ref=discovery,2642,70000,155412,1,https://external.xx.fbcdn.net/safe_image.php?d=AQBYf9x0Sbht_EoT&w=130&h=130&url=https%3A%2F%2Fscontent.xx.fbcdn.net%2Ft45.1600-4%2F17268415_6065433341158_7898614371113238528_n.jpg&cfs=1&sx=418&sy=0&sw=900&sh=900&_nc_hash=AQAQiBrO7QTAA4HN
1281,14791,eagleislandgame,"""2017-05-09T18:21:40.000Z""",link,fb link,https://www.facebook.com/eagleislandgame/posts/1127267377377998,facebook,Want to help design a monster for Eagle Island?\nSee this update post!,0,0,1,1,0,1,0,3,10,NA,46,Eagle Island,"""2017-04-11T00:00:00.000Z""","""2017-05-15T00:00:00.000Z""",GBP,1,Video Games,Games,9,https://www.kickstarter.com/projects/pixelflip/eagle-island?ref=discovery,1291,20000,25055,1,https://external.xx.fbcdn.net/safe_image.php?d=AQC8W7MjM7r8yT4O&w=130&h=130&url=https%3A%2F%2Fksr-ugc.imgix.net%2Fassets%2F011%2F247%2F434%2Ff6218a44a3a7582b914b9b99ea45ba77_original.png%3Fw%3D1024%26h%3D576%26fit%3Dfill%26bg%3D5EDCF2%26v%3D1493650983%26auto%3Dformat%26q%3D92%26s%3D687cd6d9fc8a062092abbe78384b5630&cfs=1&_nc_hash=AQDRbT-iGwUJ0MVZ
1285,14795,eagleislandgame,"""2017-05-01T13:58:50.000Z""",link,fb link,https://www.facebook.com/eagleislandgame/posts/1118586344912768,facebook,I'm pleased to announce that the Eagle Island alpha tech-demo is available for download!,0,0,1,0,0,1,1,10,12,NA,46,Eagle Island,"""2017-04-11T00:00:00.000Z""","""2017-05-15T00:00:00.000Z""",GBP,1,Video Games,Games,9,https://www.kickstarter.com/projects/pixelflip/eagle-island?ref=discovery,1291,20000,25055,1,https://external.xx.fbcdn.net/safe_image.php?d=AQCsGpet8llnzgIq&w=130&h=130&url=https%3A%2F%2Fimg.itch.zone%2FaW1hZ2UvOTEzNzkvNjM1Nzc0LnBuZw%3D%3D%2Foriginal%2FwgUNzo.png&cfs=1&_nc_hash=AQCm27PKhuHrqxBX
244,7617,julianunesmusic,"""2015-02-08T07:11:03.000Z""",photo,image,https://www.facebook.com/julianunesmusic/posts/10153045820219326:0,facebook,Run in. Photobomb. Dash,0,0,0,0,0,5,1,1,155,NA,14,Julia Nunes,"""2014-12-29T00:00:00.000Z""","""2015-02-15T00:00:00.000Z""",USD,1,Indie Rock,Music,11,https://www.kickstarter.com/projects/julianunes/julia-nunes-feelings-new-album?ref=discovery,3258,25000,134403,1,https://scontent.xx.fbcdn.net/v/t1.0-0/p130x130/1977296_10153045820209326_3788460038777095479_n.jpg?oh=773054791f1747bf5e05374dac637d63&oe=59871648
245,7618,julianunesmusic,"""2015-02-07T19:06:12.000Z""",photo,image,https://www.facebook.com/julianunesmusic/posts/10153044779539326:0,facebook,IN A DAN(N)IELLE SANDWICH. Joke stolen from Dannielle Owens-Reid at the Danielle Ate the Sandwich show last night. She's on tour and you're a fool if you don't check her out,0,0,1,0,0,1,18,0,432,NA,14,Julia Nunes,"""2014-12-29T00:00:00.000Z""","""2015-02-15T00:00:00.000Z""",USD,1,Indie Rock,Music,11,https://www.kickstarter.com/projects/julianunes/julia-nunes-feelings-new-album?ref=discovery,3258,25000,134403,1,https://scontent.xx.fbcdn.net/v/t1.0-0/s130x130/10984239_10153044778269326_8187932261478124511_n.jpg?oh=ca6e81fd08ba079643d437879cbac88c&oe=5985D2BF
246,7619,julianunesmusic,"""2015-02-05T19:38:38.000Z""",photo,image,https://www.facebook.com/julianunesmusic/posts/10153040327874326:0,facebook,#tbt just after my kickstarter in 2012,0,0,1,0,0,1,7,1,424,NA,14,Julia Nunes,"""2014-12-29T00:00:00.000Z""","""2015-02-15T00:00:00.000Z""",USD,1,Indie Rock,Music,11,https://www.kickstarter.com/projects/julianunes/julia-nunes-feelings-new-album?ref=discovery,3258,25000,134403,1,https://scontent.xx.fbcdn.net/v/t1.0-0/p130x130/10923666_10153040327864326_3845465587363582395_n.jpg?oh=c26503f76ca2902e4bbc5f31492f950a&oe=59AFB1AC
248,7621,julianunesmusic,"""2015-02-05T04:12:59.000Z""",photo,image,https://www.facebook.com/julianunesmusic/posts/10153039094754326:0,facebook,All my love to the procrastinators like me out there. 1 hr left in my kickstarter https://www.kickstarter.com/projects/julianunes/julia-nunes-feelings-new-album,0,0,1,0,1,4,36,6,409,NA,14,Julia Nunes,"""2014-12-29T00:00:00.000Z""","""2015-02-15T00:00:00.000Z""",USD,1,Indie Rock,Music,11,https://www.kickstarter.com/projects/julianunes/julia-nunes-feelings-new-album?ref=discovery,3258,25000,134403,1,https://scontent.xx.fbcdn.net/v/t1.0-0/s130x130/10922419_10153039094359326_4456442939265486379_n.jpg?oh=2409da974f67be61fbbdcc587eb88b03&oe=59817E37
250,7623,julianunesmusic,"""2015-02-04T20:56:29.000Z""",photo,image,https://www.facebook.com/julianunesmusic/posts/10153038461564326:0,facebook,My parent's life hack for talking with my sister and me at the same time,0,0,0,0,0,5,16,1,454,NA,14,Julia Nunes,"""2014-12-29T00:00:00.000Z""","""2015-02-15T00:00:00.000Z""",USD,1,Indie Rock,Music,11,https://www.kickstarter.com/projects/julianunes/julia-nunes-feelings-new-album?ref=discovery,3258,25000,134403,1,https://scontent.xx.fbcdn.net/v/t1.0-0/p130x130/10978619_10153038461544326_7851239508462611942_n.jpg?oh=3989c300f2af50d77c6f373d18dcb570&oe=59B9E55F
254,7627,julianunesmusic,"""2015-02-03T21:57:40.000Z""",photo,image,https://www.facebook.com/julianunesmusic/posts/10153036591764326:0,facebook,They're shutting off the water in my apartment building for a bit BUT I AM PREPARED,0,0,0,0,0,5,13,0,400,NA,14,Julia Nunes,"""2014-12-29T00:00:00.000Z""","""2015-02-15T00:00:00.000Z""",USD,1,Indie Rock,Music,11,https://www.kickstarter.com/projects/julianunes/julia-nunes-feelings-new-album?ref=discovery,3258,25000,134403,1,https://scontent.xx.fbcdn.net/v/t1.0-0/p130x130/10915154_10153036591754326_5899299146208550898_n.jpg?oh=a1026544a0391afa7a92bfa4bdf530ce&oe=5979863E
255,7628,julianunesmusic,"""2015-02-03T17:38:51.000Z""",photo,image,https://www.facebook.com/julianunesmusic/posts/10153036158564326:0,facebook,Every backer gets a free acoustic version of the album! 36 hours and 12 ukuleles to goooooo https://www.kickstarter.com/projects/julianunes/julia-nunes-feelings-new-album,0,0,1,0,1,4,12,11,361,NA,14,Julia Nunes,"""2014-12-29T00:00:00.000Z""","""2015-02-15T00:00:00.000Z""",USD,1,Indie Rock,Music,11,https://www.kickstarter.com/projects/julianunes/julia-nunes-feelings-new-album?ref=discovery,3258,25000,134403,1,https://scontent.xx.fbcdn.net/v/t1.0-0/s130x130/10653807_10153036157674326_6963785409506133295_n.jpg?oh=5078d76051622655429ec1f92c035980&oe=597FBCAF
257,7630,julianunesmusic,"""2015-02-02T18:03:35.000Z""",photo,image,https://www.facebook.com/julianunesmusic/posts/10153034003499326:0,facebook,"""To dance about self destruction is certainly a paradox. It is testimony to the healing power of music."" -my father talking about the track/video I posted for kickstarter backers (pledge even $1 and you can hear it https://www.kickstarter.com/projects/julianunes/julia-nunes-feelings-new-album)",0,0,1,0,1,4,17,5,203,NA,14,Julia Nunes,"""2014-12-29T00:00:00.000Z""","""2015-02-15T00:00:00.000Z""",USD,1,Indie Rock,Music,11,https://www.kickstarter.com/projects/julianunes/julia-nunes-feelings-new-album?ref=discovery,3258,25000,134403,1,https://scontent.xx.fbcdn.net/v/t1.0-0/s130x130/1517603_10153034002144326_6949405389071325329_n.jpg?oh=8d3967ac0d03b3332f28a91329ec9654&oe=597510BB
259,7632,julianunesmusic,"""2015-02-01T19:17:26.000Z""",photo,image,https://www.facebook.com/julianunesmusic/posts/10153031730029326:0,facebook,everyone who donates to my kickstarter is officially getting a free acoustic album too! 4 days left to get the music OR this shirt OR one of the 20 ukes that are left!\n\nhttps://www.kickstarter.com/projects/julianunes/julia-nunes-feelings-new-album,0,0,1,0,1,4,24,20,661,NA,14,Julia Nunes,"""2014-12-29T00:00:00.000Z""","""2015-02-15T00:00:00.000Z""",USD,1,Indie Rock,Music,11,https://www.kickstarter.com/projects/julianunes/julia-nunes-feelings-new-album?ref=discovery,3258,25000,134403,1,https://scontent.xx.fbcdn.net/v/t1.0-0/s130x130/10440271_10153031727994326_8571643290895691929_n.jpg?oh=978714bc67cd84c278174ec0d47afed6&oe=598134B1
260,7633,julianunesmusic,"""2015-02-01T16:21:38.000Z""",photo,image,https://www.facebook.com/julianunesmusic/posts/10153031356559326:0,facebook,"Woke to you guys absolutely crushing the 2000 backer goal. Serious the only reason this kickstarter is doing so well is bc you guys are sharing it around. Thank you for every tweet, every status, every finger lifted to help me out. You're all wonderful. Thank you. \n\nhttps://www.kickstarter.com/projects/julianunes/julia-nunes-feelings-new-album",0,0,1,1,1,2,17,4,340,NA,14,Julia Nunes,"""2014-12-29T00:00:00.000Z""","""2015-02-15T00:00:00.000Z""",USD,1,Indie Rock,Music,11,https://www.kickstarter.com/projects/julianunes/julia-nunes-feelings-new-album?ref=discovery,3258,25000,134403,1,https://scontent.xx.fbcdn.net/v/t1.0-0/s130x130/10801673_10153031355884326_7335575818352527420_n.jpg?oh=ba80d435e1250833b3d7054396ffac87&oe=597FB01E
53529,91166,SofiaSeitchik,"""2017-04-24T13:19:00.000Z""",post,text,https://www.facebook.com/SofiaSeitchik/posts/10158515467320133,facebook,(Dry share from official)\r\nWe want to thank our amazing Kickstarter backers for supporting us to spread light & inspiration to the world! Here's the list of our backers so far! www.globaldeafwomen.com/thankyou Back us on Kickstarter and your name will be added!,0,0,1,0,1,2,0,0,11,0,104,The Light of Deaf Women,"""2017-04-20T00:00:00.000Z""","""2017-05-21T00:00:00.000Z""",USD,1,Nonfiction,Publishing,13,https://www.kickstarter.com/projects/1267887414/the-light-of-deaf-women?ref=discovery,317,11733,18229,1,
53531,91168,SofiaSeitchik,"""2017-04-28T08:33:00.000Z""",post,text,https://www.facebook.com/SofiaSeitchik/posts/10158533795645133,facebook,(Shared from @clarecassidyphotography)\r\n::squish together and laugh:: 2017.apr sometimes telling clients to laugh produces real laughter. ?? #thefallingphoenix #TheLightOfDeafWomen #globaldeafwomen @globaldeafwomen #women #empowerment #feminists #passion_for_bnw @passion_for_bnw #deafbusinessowner #deaftalent,0,0,1,0,0,1,1,0,7,0,104,The Light of Deaf Women,"""2017-04-20T00:00:00.000Z""","""2017-05-21T00:00:00.000Z""",USD,1,Nonfiction,Publishing,13,https://www.kickstarter.com/projects/1267887414/the-light-of-deaf-women?ref=discovery,317,11733,18229,1,https://scontent-lax3-2.xx.fbcdn.net/v/t31.0-8/s960x960/18056507_1408898282503023_5828263040711844559_o.jpg?oh=d7d7f2757642e0ae6f743dcfa13197fd&oe=599C4898
247,7620,julianunesmusic,"""2015-02-05T05:17:16.000Z""",status,text,https://www.facebook.com/julianunesmusic/posts/10153039161024326,facebook,"Overwhelmed with gratitude. I'm so lucky to live in an age where music can reach people through the Internet. Thank you for having me, world.",0,0,1,0,0,2,47,1,1342,NA,14,Julia Nunes,"""2014-12-29T00:00:00.000Z""","""2015-02-15T00:00:00.000Z""",USD,1,Indie Rock,Music,11,https://www.kickstarter.com/projects/julianunes/julia-nunes-feelings-new-album?ref=discovery,3258,25000,134403,1,
253,7626,julianunesmusic,"""2015-02-03T22:54:38.000Z""",status,text,https://www.facebook.com/julianunesmusic/posts/10153036682914326,facebook,Kickstarter knows what my album art looks like,0,0,1,0,0,1,21,0,298,NA,14,Julia Nunes,"""2014-12-29T00:00:00.000Z""","""2015-02-15T00:00:00.000Z""",USD,1,Indie Rock,Music,11,https://www.kickstarter.com/projects/julianunes/julia-nunes-feelings-new-album?ref=discovery,3258,25000,134403,1,
3432,16947,SENIORSdocumentary,"""2017-05-13T14:02:58.000Z""",status,text,https://www.facebook.com/SENIORSdocumentary/posts/1364823680277098,facebook,"Hello,\n\nWe are so close, at 70% as of today...but with only 4 days to go, feel so far from the goal.  It ends on Tuesday, at 11:59 PM.  If we don't make our goal we get nothing.\n\nSo I am reaching out to ask everyone to dig just a little deeper.  There are over 300 backers on the SENIORS campaign.  If each of you could give $10 more towards your pledge, we would be that much closer.  But everything helps, $1 helps, $5 helps, anything and everything.  Please dig deep and help us share these amazing stories.\n\nAnd please continue sharing.  We will do it...together!\n\nThank you,\nGorman Bechard",0,0,1,1,1,4,5,50,38,NA,48,SENIORS,"""2017-04-14T00:00:00.000Z""","""2017-05-16T00:00:00.000Z""",USD,0,Documentary,Film & Video,7,https://www.kickstarter.com/projects/gormanbechard/seniors-a-genius-a-rock-star-and-some-very-happy-d?ref=discovery,449,30000,36000,1,
3442,16957,SENIORSdocumentary,"""2017-04-19T14:32:28.000Z""",status,text,https://www.facebook.com/SENIORSdocumentary/posts/1338622432897223,facebook,,0,0,0,0,0,5,2,1,7,NA,48,SENIORS,"""2017-04-14T00:00:00.000Z""","""2017-05-16T00:00:00.000Z""",USD,0,Documentary,Film & Video,7,https://www.kickstarter.com/projects/gormanbechard/seniors-a-genius-a-rock-star-and-some-very-happy-d?ref=discovery,449,30000,36000,1,
3610,17125,OldFriendsSeniorDogSanctuary,"""2017-04-29T14:49:56.000Z""",status,text,https://www.facebook.com/OldFriendsSeniorDogSanctuary/posts/1337343903009487,facebook,,0,0,0,0,0,5,15,64,921,NA,48,SENIORS,"""2017-04-14T00:00:00.000Z""","""2017-05-16T00:00:00.000Z""",USD,0,Documentary,Film & Video,7,https://www.kickstarter.com/projects/gormanbechard/seniors-a-genius-a-rock-star-and-some-very-happy-d?ref=discovery,449,30000,36000,1,
4495,18011,elclubdetroit,"""2017-05-04T17:30:00.000Z""",status,text,https://www.facebook.com/elclubdetroit/posts/1258631660911042,facebook,"DETROIT! THRESHOLD #4 is back on 5/24! Stacked line up with Drew McDowall (Dais Records), Moor Mother, Dj Haram, Quay Dash, Jock Club b2b 2lanes + resident DJs Dismorphic & JS Aurelius. Listen to Drew McDowall's track ""Hypnotic Congress"" below!\n\nTIX: http://ticketf.ly/2o1zAQg\n\nhttps://soundcloud.com/daisrecords/drew-mcdowall-hypnotic-congress",0,0,0,0,0,5,0,0,0,NA,51,The Vernor Cafe,"""2017-04-17T00:00:00.000Z""","""2017-05-17T00:00:00.000Z""",USD,1,World Music,Music,11,https://www.kickstarter.com/projects/933521455/the-vernor-cafe?ref=discovery,351,50000,55965,1,
4671,18188,CardCastleGame,"""2017-05-14T19:15:13.000Z""",status,text,https://www.facebook.com/CardCastleGame/posts/623887957821990,facebook,We here at Card Castle would like to take a moment and say Happy Mothers day!,0,0,1,0,0,1,0,1,2,NA,53,Card Castle,"""2017-04-18T00:00:00.000Z""","""2017-05-18T00:00:00.000Z""",USD,0,Tabletop Games,Games,9,https://www.kickstarter.com/projects/1066809583/card-castle-the-fun-and-fast-paced-slap-card-game?ref=discovery,171,10000,10867,1,
4701,18218,CardCastleGame,"""2017-04-21T02:00:00.000Z""",status,text,https://www.facebook.com/CardCastleGame/posts/613500762194043,facebook,"Check out Card Castle: a new slap card game with a medieval fantasy theme. Think Game of Thrones meets Slap Jack!\nEven a tiny pledge of $1 helps us to increase our daily backer count and boost our rankings on the Kickstarter site! This makes Card Castle more visible to other potential backers, plus you'll be automatically looped into all Card Castle progress. :)\nIf the game looks fun for you or someone you know, pledging at a higher reward level will get you a copy (or copies) of the game once the project funds and production is completed! If we don't reach our fundraising goal, all money pledged will be automatically refunded with no action needed on your part.\nFeel free to share with anyone you think might be interested in Card Castle!\nThanks again for being awesome fans!\n<3\nPolo, Sophia, Briana, & Debbie\nAKA The Shel Games Team\nhttps://www.kickstarter.com/projects/1066809583/card-castle-the-fun-and-fast-paced-slap-card-game?ref=nav_search",0,0,1,0,1,4,0,2,3,NA,53,Card Castle,"""2017-04-18T00:00:00.000Z""","""2017-05-18T00:00:00.000Z""",USD,0,Tabletop Games,Games,9,https://www.kickstarter.com/projects/1066809583/card-castle-the-fun-and-fast-paced-slap-card-game?ref=discovery,171,10000,10867,1,
252,7625,julianunesmusic,"""2015-02-03T23:15:37.000Z""",video,video,https://www.facebook.com/julianunesmusic/posts/10153036716489326,facebook,"she's got a beautiful mind and voice, i highly recommend going to a show",0,0,0,0,0,5,7,0,135,NA,14,Julia Nunes,"""2014-12-29T00:00:00.000Z""","""2015-02-15T00:00:00.000Z""",USD,1,Indie Rock,Music,11,https://www.kickstarter.com/projects/julianunes/julia-nunes-feelings-new-album?ref=discovery,3258,25000,134403,1,https://scontent.xx.fbcdn.net/v/t15.0-10/s130x130/632342_10152540114862811_10152540112587811_52990_2014_b.jpg?oh=5e34330c7480e6ca9bd9d5d922607a7d&oe=59B3F88E
256,7629,julianunesmusic,"""2015-02-03T01:52:48.000Z""",video,video,https://www.facebook.com/julianunesmusic/videos/10153034903449326/,facebook,Maybe I got caught listening to @themowglis new track all day LISTEN: https://www.youtube.com/watch?v=3tGMVuj41SI,0,0,0,0,0,5,15,0,200,NA,14,Julia Nunes,"""2014-12-29T00:00:00.000Z""","""2015-02-15T00:00:00.000Z""",USD,1,Indie Rock,Music,11,https://www.kickstarter.com/projects/julianunes/julia-nunes-feelings-new-album?ref=discovery,3258,25000,134403,1,https://scontent.xx.fbcdn.net/v/t15.0-10/p130x130/10955885_10153034903704326_10153034903449326_49652_312_b.jpg?oh=984738c6190d6d7261f1fd21bd2cd78b&oe=59761B8C
263,7636,julianunesmusic,"""2015-01-30T21:38:17.000Z""",video,video,https://www.facebook.com/julianunesmusic/posts/10153027630414326,facebook,End your work week with a game of truth or dare: \nhttps://www.youtube.com/watch?v=6oalkzdJmIM&list=UUDEsQa71VXh7tXn4SpFu9Lg,0,0,0,1,0,5,5,7,122,NA,14,Julia Nunes,"""2014-12-29T00:00:00.000Z""","""2015-02-15T00:00:00.000Z""",USD,1,Indie Rock,Music,11,https://www.kickstarter.com/projects/julianunes/julia-nunes-feelings-new-album?ref=discovery,3258,25000,134403,1,https://external.xx.fbcdn.net/safe_image.php?d=AQCTCkHMYs7WkFBj&w=130&h=130&url=http%3A%2F%2Fi.ytimg.com%2Fvi%2F6oalkzdJmIM%2Fmaxresdefault.jpg&cfs=1&sx=255&sy=0&sw=1080&sh=1080&_nc_hash=AQC5yrdZ3R6VT5W2
270,7643,julianunesmusic,"""2015-01-25T22:27:16.000Z""",video,video,https://www.facebook.com/julianunesmusic/posts/10153016832954326,facebook,This song was my anthem when I moved to LA last year. I sang that 3rd part harmony alllllDAY looking for a place to live\nhttps://www.youtube.com/watch?v=NIV44umTaMg&feature=youtu.be,0,0,1,0,0,1,29,39,353,NA,14,Julia Nunes,"""2014-12-29T00:00:00.000Z""","""2015-02-15T00:00:00.000Z""",USD,1,Indie Rock,Music,11,https://www.kickstarter.com/projects/julianunes/julia-nunes-feelings-new-album?ref=discovery,3258,25000,134403,1,https://external.xx.fbcdn.net/safe_image.php?d=AQCnWjdDRsA0c8yl&w=130&h=130&url=http%3A%2F%2Fi.ytimg.com%2Fvi%2FNIV44umTaMg%2Fmaxresdefault.jpg&cfs=1&sx=585&sy=0&sw=1080&sh=1080&_nc_hash=AQDz3tyBnUlPi-mQ
284,7657,julianunesmusic,"""2015-01-15T18:09:48.000Z""",video,video,https://www.facebook.com/julianunesmusic/posts/10152993652044326,facebook,Join in on the truth or dares! lets get weird https://www.youtube.com/watch?v=vwnEKzu5u18&list=UUDEsQa71VXh7tXn4SpFu9Lg,0,0,1,0,0,1,10,6,120,NA,14,Julia Nunes,"""2014-12-29T00:00:00.000Z""","""2015-02-15T00:00:00.000Z""",USD,1,Indie Rock,Music,11,https://www.kickstarter.com/projects/julianunes/julia-nunes-feelings-new-album?ref=discovery,3258,25000,134403,1,https://external.xx.fbcdn.net/safe_image.php?d=AQB6BseZDrCUNF3B&w=130&h=130&url=http%3A%2F%2Fi.ytimg.com%2Fvi%2FvwnEKzu5u18%2Fmaxresdefault.jpg&cfs=1&sx=244&sy=0&sw=720&sh=720&_nc_hash=AQCY7Wng2WY7UO88
286,7659,julianunesmusic,"""2015-01-13T01:37:48.000Z""",video,video,https://www.facebook.com/julianunesmusic/videos/10152987904699326/,facebook,Elegant outtake from my kickstarter vid. So close to $50k!! I am fainting. https://www.kickstarter.com/projects/julianunes/julia-nunes-feelings-new-album,0,0,1,0,1,1,24,6,377,NA,14,Julia Nunes,"""2014-12-29T00:00:00.000Z""","""2015-02-15T00:00:00.000Z""",USD,1,Indie Rock,Music,11,https://www.kickstarter.com/projects/julianunes/julia-nunes-feelings-new-album?ref=discovery,3258,25000,134403,1,https://scontent.xx.fbcdn.net/v/t15.0-10/p130x130/10876021_10152987905484326_10152987904699326_53732_602_b.jpg?oh=bc24a4f48feab168f879f7d0524399d1&oe=597EC852
1257,12281,katenash,"""2017-05-03T17:48:18.000Z""",video,video,https://www.facebook.com/katenash/videos/10155256226413535/,facebook,LESS THAN 24 HRS TO GO ON KICKSTARTER!! GAHHHHHHH bit.ly/KateNashKS,0,0,1,0,1,1,8,11,322,NA,19,Kate Nash,"""2017-04-04T00:00:00.000Z""","""2017-05-04T00:00:00.000Z""",USD,1,Pop,Music,11,https://www.kickstarter.com/projects/919815019/kate-nash-is-making-a-record?ref=discovery,2642,70000,155412,1,https://scontent.xx.fbcdn.net/v/t15.0-10/s130x130/18324108_10155256228713535_1966872061225730048_n.jpg?oh=ff0883d46f76737412f74c89ba1b384b&oe=597B37FA
1259,12283,katenash,"""2017-05-02T17:46:12.000Z""",video,video,https://www.facebook.com/katenash/posts/10155253232388535,facebook,My interview with UPROXX out now!! very pg lots of swearing #sopunkrock,0,0,0,0,0,5,40,0,1531,NA,19,Kate Nash,"""2017-04-04T00:00:00.000Z""","""2017-05-04T00:00:00.000Z""",USD,1,Pop,Music,11,https://www.kickstarter.com/projects/919815019/kate-nash-is-making-a-record?ref=discovery,2642,70000,155412,1,https://scontent.xx.fbcdn.net/v/t15.0-10/p130x130/18279082_10155532342896337_319929854726242304_n.jpg?oh=ee96e4a50abf0c07b7244ace03f3b0ce&oe=5981541C
1260,12284,katenash,"""2017-05-02T12:17:01.000Z""",video,video,https://www.facebook.com/katenash/videos/10155252401393535/,facebook,"We're in the final 5 HOURS of MY KICKSTARTER CAMPAIGN!! It's been an incredible decision to ask my fans to be my record label, I feel so supported! If you haven't already, PRE-ORDER MY 4TH RECORD and other cool rewards now! Get exclusives and be part of this amazing journey. I am so grateful to those who already have. Now LET'S KILL IT in the last hours. Push it as far as we can so we can really MAKE MY 4TH RECORD A GLOBAL RELEASE! ????\n\nhttp://bit.ly/KateNashKS",0,0,1,1,1,4,21,21,439,NA,19,Kate Nash,"""2017-04-04T00:00:00.000Z""","""2017-05-04T00:00:00.000Z""",USD,1,Pop,Music,11,https://www.kickstarter.com/projects/919815019/kate-nash-is-making-a-record?ref=discovery,2642,70000,155412,1,https://scontent.xx.fbcdn.net/v/t15.0-10/s130x130/18300646_10155252410188535_7205920087109271552_n.jpg?oh=7db79922db25d8e82a2719d65536d92e&oe=59BF821B
1267,12291,katenash,"""2017-04-22T23:06:58.000Z""",video,video,https://www.facebook.com/katenash/videos/10155222723633535/,facebook,Celebrated Record Store Day with my girls Emma & Linda in Salisbury supporting Emma's local record shop ????????????,0,0,1,0,1,1,15,7,318,NA,19,Kate Nash,"""2017-04-04T00:00:00.000Z""","""2017-05-04T00:00:00.000Z""",USD,1,Pop,Music,11,https://www.kickstarter.com/projects/919815019/kate-nash-is-making-a-record?ref=discovery,2642,70000,155412,1,https://scontent.xx.fbcdn.net/v/t15.0-10/s130x130/18115795_10155222728933535_9110745195351113728_n.jpg?oh=3996daff86ac76bb0562521cf85ad9a3&oe=5981567D